Age,CIP2 ID,CIP2,Year,Average Wage,Average Wage Appx MOE,Record Count,Total Population,Total Population MOE Appx,share
19,"30","Interdisciplinary Studies",2014,7307.556818181818,21085.152704827597,5,88,230.31167587418201,0.00011721970836269377
19,"30","Interdisciplinary Studies",2018,15302.714285714286,72124.71313854388,7,119,267.82311854566626,0.0001411104562848107
19,"30","Interdisciplinary Studies",2019,18406.520710059172,57061.53634230207,10,169,319.1669133993208,0.00019381711921243733
19,"30","Interdisciplinary Studies",2020,18120.56140350877,59497.42201687605,11,171,321.0499191549046,0.00018741595052218906
19,"30","Interdisciplinary Studies",2021,19812.518292682926,67585.87817243056,11,164,314.4100694412074,0.00017198509602326414
19,"30","Interdisciplinary Studies",2022,16473.083798882682,40530.01514788159,10,179,328.4740149901267,0.00018260219347059441
19,"30","Interdisciplinary Studies",2023,22264.944444444445,59721.66624408043,6,108,255.14466013818065,0.00010737038009114553
20,"30","Interdisciplinary Studies",2014,24294.86842105263,20386.746451362167,24,570,586.1533949936502,0.0007592640200765391
20,"30","Interdisciplinary Studies",2015,23036.154078549847,19278.088732798707,25,662,631.6881401464094,0.0008558898668845609
20,"30","Interdisciplinary Studies",2016,17127.395184135978,10206.791112196315,23,706,652.3430319479249,0.0008930694772634125
20,"30","Interdisciplinary Studies",2017,13905.266932270917,8928.241078415858,26,753,673.7070827579396,0.0009246377274295685
20,"30","Interdisciplinary Studies",2018,18249.637575757577,12095.764934703298,26,825,705.1808470482583,0.0009782867767644439
20,"30","Interdisciplinary Studies",2019,20055.55418719212,16334.589649045043,29,812,699.6028742667975,0.0009312396497070954
20,"30","Interdisciplinary Studies",2020,20600.281088082902,17755.419623902268,31,772,682.1537719767919,0.000846111776626491
20,"30","Interdisciplinary Studies",2021,23518.45480494767,17860.706393023545,40,1051,795.9295031178768,0.0011021727800027475
20,"30","Interdisciplinary Studies",2022,28681.605731225296,20315.283707266914,34,1012,781.0225484300231,0.0010323654736996734
20,"30","Interdisciplinary Studies",2023,25374.70306748466,23039.58291862707,34,815,700.8941084676075,0.000810248701613737
21,"30","Interdisciplinary Studies",2014,12929.667955801106,6920.711365045265,85,1810,1044.506585993978,0.002410996274278133
21,"30","Interdisciplinary Studies",2015,12383.34357848518,6352.5787319470055,83,1822,1047.963386292398,0.0023556364614254833
21,"30","Interdisciplinary Studies",2016,11221.388793596341,8242.731829847473,77,1749,1026.7553736170414,0.002212434158263043
21,"30","Interdisciplinary Studies",2017,11884.927808845958,8601.653505094351,84,1967,1088.8648475029704,0.002415355125968076
21,"30","Interdisciplinary Studies",2018,14270.686651053864,9604.351806628207,91,2135,1134.4112607627583,0.0025316875980510157
21,"30","Interdisciplinary Studies",2019,14403.201707097933,8897.655196739519,99,2226,1158.33473934165,0.002552881108679796
21,"30","Interdisciplinary Studies",2020,15890.22247706422,8697.179955586484,107,2616,1255.71135079228,0.002867135243076296
21,"30","Interdisciplinary Studies",2021,16073.187063579566,8053.859816233648,116,2721,1280.663733911964,0.0028534844285323276
21,"30","Interdisciplinary Studies",2022,17595.941520467837,7647.914698876743,125,3078,1362.0864692677756,0.0031399416285055287
21,"30","Interdisciplinary Studies",2023,19231.018249304052,8722.020584090531,129,3233,1395.960195034604,0.0032141522114321618
22,"30","Interdisciplinary Studies",2014,15025.314206705842,3407.6371424334952,359,8679,2287.156447816422,0.011560793737270673
22,"30","Interdisciplinary Studies",2015,16816.692581410396,5431.403476494415,388,9274,2364.2525806847425,0.011990215446355616
22,"30","Interdisciplinary Studies",2016,16705.69417721519,5453.548191395845,412,9875,2439.653704016357,0.012491587943309063
22,"30","Interdisciplinary Studies",2017,16630.45371551978,5461.746020968272,416,10187,2477.8931526070646,0.012509009999103605
22,"30","Interdisciplinary Studies",2018,16896.337106656974,5592.661249911,407,9629,2409.07908550005,0.011418088937533129
22,"30","Interdisciplinary Studies",2019,17266.220922491677,5497.068574235328,435,10515,2517.468297885721,0.012059094724963186
22,"30","Interdisciplinary Studies",2020,16110.120675639057,3728.828630224224,423,11071,2583.1645143040187,0.012133812796673422
22,"30","Interdisciplinary Studies",2021,18778.057251278668,4047.8340563123616,459,12122,2702.990019541345,0.012712215451182974
22,"30","Interdisciplinary Studies",2022,21669.644840961984,4237.331404102254,491,12890,2787.2943998837554,0.013149398177854536
22,"30","Interdisciplinary Studies",2023,22845.298141891893,4479.780528743478,515,13024,2801.7444292350415,0.012948072502843327
23,"30","Interdisciplinary Studies",2014,22196.87248574472,4321.600242566725,681,15959,3101.3611911563344,0.02125806052000261
23,"30","Interdisciplinary Studies",2015,22500.018672324946,4306.149551922315,697,16495,3153.0092698565336,0.021326137997372856
23,"30","Interdisciplinary Studies",2016,22383.66175079303,4036.3722257594277,728,17969,3290.8583446264847,0.022730262658564107
23,"30","Interdisciplinary Studies",2017,22868.99504179879,4162.197021687603,720,17345,3233.2240292165584,0.0212985941331552
23,"30","Interdisciplinary Studies",2018,22831.178113422626,4244.869828962666,705,17545,3251.811763881352,0.020804898785857173
23,"30","Interdisciplinary Studies",2019,24763.492536491325,3743.5417349687746,731,18155,3307.853887030258,0.020821004729596446
23,"30","Interdisciplinary Studies",2020,24438.71728232832,3458.1080928386996,730,20547,3518.998277592151,0.0225195060548504
23,"30","Interdisciplinary Studies",2021,26410.657980135707,3514.56071413667,736,20338,3501.0603052604147,0.021328249286104547
23,"30","Interdisciplinary Studies",2022,29949.338691368113,3965.9445309552084,772,22023,3643.188166541687,0.02246619054079833
23,"30","Interdisciplinary Studies",2023,31852.17048311166,4194.930915254137,805,21879,3631.2614773491296,0.02175144950013123
24,"30","Interdisciplinary Studies",2014,27090.137535218615,3498.046171317891,790,19166,3398.679238850203,0.025529919664538506
24,"30","Interdisciplinary Studies",2015,26820.75507141128,3174.4255647885393,845,20655,3528.2163862378748,0.026704539577795477
24,"30","Interdisciplinary Studies",2016,27792.24835958005,3265.3113492031184,860,21336,3585.903330200797,0.026989419783133385
24,"30","Interdisciplinary Studies",2017,28672.57207360295,3370.344008383169,874,20597,3523.2684429276846,0.025291850294643856
24,"30","Interdisciplinary Studies",2018,29223.338033029333,3480.0971523183125,881,20285,3496.4888652238055,0.02405399668686878
24,"30","Interdisciplinary Studies",2019,30254.338700940563,3455.7211160605693,884,20307,3498.3876102267495,0.0232890191706921
24,"30","Interdisciplinary Studies",2020,32544.026626790797,3651.0689921876456,850,20731,3534.7174321717403,0.02272117000161112
24,"30","Interdisciplinary Studies",2021,33718.99609356161,3926.2331901129073,865,20735,3535.0610474112727,0.021744579061234035
24,"30","Interdisciplinary Studies",2022,37126.18155283129,4082.4384065826916,864,22269,3663.476163727561,0.02271714104132216
24,"30","Interdisciplinary Studies",2023,40794.00388176971,6220.018473936637,830,21382,3589.786784788549,0.021257346917674756
25,"30","Interdisciplinary Studies",2014,35440.886691250416,4804.790033679869,801,20881,3547.458878710729,0.02781437193547055
25,"30","Interdisciplinary Studies",2015,35637.33630006357,4595.777290620607,852,22022,3643.0813109749806,0.028471913366362234
25,"30","Interdisciplinary Studies",2016,37052.5273156033,5135.512168878763,885,22899,3714.906951939122,0.02896656934823638
25,"30","Interdisciplinary Studies",2017,36407.43316478672,4399.702424476575,915,23139,3734.3258862773337,0.028413270086311802
25,"30","Interdisciplinary Studies",2018,38010.14807403702,4518.790308228611,953,23988,3802.2105774064094,0.028445022061849068
25,"30","Interdisciplinary Studies",2019,38407.827458180334,4596.009643077071,989,24510,3843.3554026985566,0.028109216520099636
25,"30","Interdisciplinary Studies",2020,40682.61833532518,4814.503598173762,1004,25939,3953.790079319193,0.028429136494707966
25,"30","Interdisciplinary Studies",2021,42226.34242323467,4556.327655648149,1044,27063,4038.534090571611,0.028380686912668276
25,"30","Interdisciplinary Studies",2022,47319.01755404033,6102.60932591559,1070,27572,4076.3323633355844,0.028126858538386756
25,"30","Interdisciplinary Studies",2023,49098.95928003408,6086.695631651476,1097,28168,4120.148707718525,0.0280037858000684
26,"30","Interdisciplinary Studies",2014,39547.324359576356,7320.610312213528,786,19167,3398.767889593145,0.02553125170667899
26,"30","Interdisciplinary Studies",2015,39482.155298899575,7234.196550567026,825,20174,3486.899015288414,0.02608266189505911
26,"30","Interdisciplinary Studies",2016,39497.40427065502,6670.176194599028,915,22198,3657.612384567439,0.028079824725627804
26,"30","Interdisciplinary Studies",2017,39815.30355707821,6104.34198171822,988,23643,3774.769648543758,0.0290321511150296
26,"30","Interdisciplinary Studies",2018,39268.56274334848,4185.135303505144,1033,24656,3854.7788233466604,0.029237137900489856
26,"30","Interdisciplinary Studies",2019,41414.37893222382,4408.1337706290415,1087,25717,3936.8355768499787,0.029493460679208584
26,"30","Interdisciplinary Studies",2020,46097.49146324256,5614.11295992828,1100,28348,4133.278767595435,0.031069399797678452
26,"30","Interdisciplinary Studies",2021,48449.278504469155,5875.732590964029,1084,27522,4072.6315248366664,0.028862035443611437
26,"30","Interdisciplinary Studies",2022,54066.361347262246,6377.50517606453,1086,27760,4090.203489332776,0.028318641847730173
26,"30","Interdisciplinary Studies",2023,57214.48263273552,6594.399253244626,1097,28214,4123.510939564351,0.028049517628625738
27,"30","Interdisciplinary Studies",2014,40322.25352582428,5117.871448368697,888,20988,3556.5349569021573,0.027956900444502462
27,"30","Interdisciplinary Studies",2015,40610.25352685838,5151.485764870329,941,22116,3650.846972998972,0.02859344455591986
27,"30","Interdisciplinary Studies",2016,41617.61416614166,6342.117475395786,961,22222,3659.588806508953,0.02811018402797104
27,"30","Interdisciplinary Studies",2017,42800.56421981224,6038.885463023307,1026,24712,3859.1485962903657,0.030344817423956835
27,"30","Interdisciplinary Studies",2018,45478.927544035076,6327.797558090203,1081,26002,3958.5809675200044,0.030833227599307966
27,"30","Interdisciplinary Studies",2019,47686.08845244069,6122.041694089473,1154,27902,4100.6395270211915,0.03199932106665933
27,"30","Interdisciplinary Studies",2020,48277.542190365064,5765.415886453885,1157,29995,4251.630559718924,0.032874511321129014
27,"30","Interdisciplinary Studies",2021,51340.01730248743,5368.021062810522,1208,31036,4324.76918452583,0.03254713073279284
27,"30","Interdisciplinary Studies",2022,57148.88870978575,6167.914029804356,1195,29778,4236.23524942114,0.030377252051214304
27,"30","Interdisciplinary Studies",2023,59675.22547421715,6309.496318362043,1220,28837,4168.780001946447,0.028668885654521883
28,"30","Interdisciplinary Studies",2014,48244.821620337374,4989.62311898272,902,21045,3561.3604284901953,0.028032826846510116
28,"30","Interdisciplinary Studies",2015,47274.07278251406,4811.302809938997,938,22052,3645.561512134814,0.02851069991622105
28,"30","Interdisciplinary Studies",2016,47777.63535179541,5536.479002844871,985,22641,3693.923349577908,0.02864020684804663
28,"30","Interdisciplinary Studies",2017,49185.7393952121,5628.309221548787,1033,23810,3788.075353607696,0.029237216852719822
28,"30","Interdisciplinary Studies",2018,49850.53458386733,5304.014014941574,1092,25749,3939.2787615005836,0.030533219654433535
28,"30","Interdisciplinary Studies",2019,52484.320999009484,5716.322068393161,1161,28268,4127.4415530392625,0.03241906701714307
28,"30","Interdisciplinary Studies",2020,54787.509460942434,6000.498540895537,1187,30071,4257.0123638189025,0.03295780729913887
28,"30","Interdisciplinary Studies",2021,57541.185029131964,6114.02904905335,1238,30379,4278.7582101963235,0.031858141659089886
28,"30","Interdisciplinary Studies",2022,62151.16063268893,6632.050363671897,1276,31295,4342.777928397923,0.03192478013777795
28,"30","Interdisciplinary Studies",2023,65936.85376642666,7175.1064549269295,1301,30971,4320.246540271729,0.030790444831508036
29,"30","Interdisciplinary Studies",2014,48880.60670152091,5011.421331641243,891,21040,3560.937403311935,0.02802616663580769
29,"30","Interdisciplinary Studies",2015,46827.85390946502,4837.030541613411,918,21384,3589.9297591835602,0.027647052739364728
29,"30","Interdisciplinary Studies",2016,48541.21460577338,4809.492098887927,999,23210,3740.0445519834952,0.029359975307767426
29,"30","Interdisciplinary Studies",2017,50546.559521819094,4793.901450220281,1030,23924,3797.1314950678147,0.029377201847310755
29,"30","Interdisciplinary Studies",2018,52746.57809371246,4992.545434431217,1087,24970,3879.242764367457,0.029609479776737172
29,"30","Interdisciplinary Studies",2019,53684.20543424032,5166.938232788858,1131,26057,3962.769695743047,0.02988338861135195
29,"30","Interdisciplinary Studies",2020,56869.46155211588,5584.540653561979,1152,28168,4120.137911317932,0.03087211984976036
29,"30","Interdisciplinary Studies",2021,61642.01956302521,6663.575001491614,1202,29750,4234.239307613922,0.031198515894464072
29,"30","Interdisciplinary Studies",2022,66574.20985072706,7201.010084953388,1279,31084,4328.116029435522,0.03170953397675953
29,"30","Interdisciplinary Studies",2023,69364.94736512705,7647.266189364728,1285,31956,4388.395173551524,0.031769702464746724
30,"30","Interdisciplinary Studies",2014,52731.64247965775,6020.871149472576,955,23842,3790.6036818849648,0.0317585487134471
30,"30","Interdisciplinary Studies",2015,51877.25768831708,6122.0710741849325,943,24095,3810.6645877158257,0.031152063961606486
30,"30","Interdisciplinary Studies",2016,51090.98213995118,5400.601878908824,979,24580,3848.8239457818163,0.031092985483193596
30,"30","Interdisciplinary Studies",2017,54582.85264439122,6254.575517403048,1035,25469,3917.8008907541516,0.03127436690558258
30,"30","Interdisciplinary Studies",2018,54827.00623268698,5991.559968141357,1069,25992,3957.8198226118016,0.030821369577771426
30,"30","Interdisciplinary Studies",2019,56864.00697997369,6108.249455193453,1169,27364,4060.9206614244413,0.031382317456385415
30,"30","Interdisciplinary Studies",2020,58346.791495775935,5930.03040815401,1186,28527,4146.305287200138,0.031265583745885894
30,"30","Interdisciplinary Studies",2021,62487.42750024665,6188.609478595411,1271,30407,4280.729201428549,0.03188750496816703
30,"30","Interdisciplinary Studies",2022,66911.02144772118,5964.222083654382,1348,32078,4396.759079759036,0.032723537218713565
30,"30","Interdisciplinary Studies",2023,71015.41157674819,6847.6640318512855,1366,32548,4428.848639243577,0.03235825121487597
31,"30","Interdisciplinary Studies",2014,56636.81590622775,9350.990874409083,846,18257,3317.1154160341175,0.0243190933588375
31,"30","Interdisciplinary Studies",2015,58121.83503096688,9569.479256213921,898,19537,3431.4153628475865,0.025259094153056896
31,"30","Interdisciplinary Studies",2016,60018.379502292075,9481.338570458038,960,21378,3589.430495623471,0.02704254856223404
31,"30","Interdisciplinary Studies",2017,61046.82696069714,9097.552268082403,1016,22492,3681.7554105180147,0.027618793845080817
31,"30","Interdisciplinary Studies",2018,64513.71027919316,9244.349398641329,1076,23747,3783.065663831471,0.028159243742818484
31,"30","Interdisciplinary Studies",2019,66243.28049166074,8451.593968064377,1134,25302,3904.947122082519,0.02901751923262183
31,"30","Interdisciplinary Studies",2020,66974.5749662488,9031.2684572702,1125,25925,3952.7231355881217,0.02841379249875878
31,"30","Interdisciplinary Studies",2021,68646.50236142182,9136.613933544264,1232,28161,4119.6302585947,0.02953214810433623
31,"30","Interdisciplinary Studies",2022,74733.69124560308,9181.035084199222,1303,30419,4281.577991592579,0.03103115152615649
31,"30","Interdisciplinary Studies",2023,77055.40233882135,9351.898602590469,1385,32495,4425.242045253513,0.032305560195016424
32,"30","Interdisciplinary Studies",2014,56907.42842799771,8312.485516519271,873,20916,3550.430244291116,0.02786099341038753
32,"30","Interdisciplinary Studies",2015,58077.24259546159,8388.888713209468,908,21946,3636.790559811903,0.0283736541067199
32,"30","Interdisciplinary Studies",2016,59509.240251142524,8716.958625839769,967,23413,3756.3619002404566,0.029616764406753933
32,"30","Interdisciplinary Studies",2017,62422.74861735223,9604.877774502584,1023,23144,3734.729266390064,0.028419409779057016
32,"30","Interdisciplinary Studies",2018,64738.822354869895,9560.083449797758,1044,23789,3786.409091296381,0.028209047433271947
32,"30","Interdisciplinary Studies",2019,67151.13233942204,9243.05810184055,1099,25019,3883.0512216135626,0.02869296157145544
32,"30","Interdisciplinary Studies",2020,68058.57303370787,9511.068374494233,1094,25632,3930.327019688515,0.02809266458353655
32,"30","Interdisciplinary Studies",2021,70136.02942159813,9300.83548818723,1192,26919,4027.7773293415316,0.028229675608842972
32,"30","Interdisciplinary Studies",2022,77347.26966410076,9723.443425732587,1246,28580,4150.162741054688,0.029155143516142953
32,"30","Interdisciplinary Studies",2023,79135.42210491587,9206.931222439294,1352,30310,4273.904571662237,0.030133298338542783
33,"30","Interdisciplinary Studies",2014,61741.483924963926,10022.695825687691,779,17325,3231.349779969047,0.023077630083905336
33,"30","Interdisciplinary Studies",2015,61837.037109375,9740.895585430297,829,18944,3378.9449676385902,0.024492413350847616
33,"30","Interdisciplinary Studies",2016,65045.18437694381,10167.540959508007,877,19292,3409.838688655895,0.024403819200234777
33,"30","Interdisciplinary Studies",2017,67219.36258309592,10441.11470452481,952,21060,3562.6424289668107,0.02586038584285088
33,"30","Interdisciplinary Studies",2018,69354.95180775438,10470.377539875848,1042,22929,3717.348475494681,0.027189257581129618
33,"30","Interdisciplinary Studies",2019,71073.51965083567,10413.2728952233,1116,24172,3816.767260083636,0.027721582281674765
33,"30","Interdisciplinary Studies",2020,70800.14064181782,10074.10725589404,1104,25085,3888.1703930135072,0.027493152741807678
33,"30","Interdisciplinary Studies",2021,74251.47895294074,9721.284586198883,1180,27391,4062.9292149178586,0.028724657104714803
33,"30","Interdisciplinary Studies",2022,80547.58348719735,10218.762065482453,1255,28705,4159.226890549585,0.029282659014376607
33,"30","Interdisciplinary Studies",2023,84009.16098136971,10099.201808857622,1319,30488,4286.433284911138,0.03031026063165597
34,"30","Interdisciplinary Studies",2014,64423.40931134821,9709.728389813841,845,19589,3435.9742506187936,0.02609337348996373
34,"30","Interdisciplinary Studies",2015,62731.437347188265,9833.795686500504,848,19632,3439.746820601252,0.025381918227609816
34,"30","Interdisciplinary Studies",2016,63796.077713774954,10111.328066661014,891,20138,3483.79089428921,0.025473984607833712
34,"30","Interdisciplinary Studies",2017,65751.00596497979,10026.473852193749,918,20788,3539.564379932011,0.025526386557511115
34,"30","Interdisciplinary Studies",2018,65837.06273601098,9148.093535581915,1025,23304,3747.618696762148,0.02763393338874982
34,"30","Interdisciplinary Studies",2019,73303.38623728535,11288.100554474171,1086,24283,3825.5192609251826,0.02784888228305098
34,"30","Interdisciplinary Studies",2020,78020.0920697648,11776.095061265678,1127,26317,3982.4894374842997,0.028843424385335964
34,"30","Interdisciplinary Studies",2021,78801.73284930052,11010.19182971077,1207,28235,4125.038369402364,0.029609751135468675
34,"30","Interdisciplinary Studies",2022,88433.91726997723,12687.572779475411,1284,29421,4210.770104131577,0.030013067788258983
34,"30","Interdisciplinary Studies",2023,94180.44825525416,13361.216831520163,1331,30119,4260.419829774706,0.029943411833011222
35,"30","Interdisciplinary Studies",2014,73925.92714156036,11313.482120702854,876,20931,3551.702925243564,0.02788097404249481
35,"30","Interdisciplinary Studies",2015,71224.6323960996,10658.197802691979,900,21126,3568.2109171820116,0.0273134884105789
35,"30","Interdisciplinary Studies",2016,71597.43853433407,10869.90301048228,950,21451,3595.552806715487,0.027134891440194705
35,"30","Interdisciplinary Studies",2017,74076.59057378859,11523.939826665033,1011,22639,3693.7652793362286,0.027799300811790176
35,"30","Interdisciplinary Studies",2018,74105.62899441102,10849.297936586667,1066,23439,3758.4562585601184,0.027794016679493095
35,"30","Interdisciplinary Studies",2019,75293.45229924502,11638.13391991743,1070,23312,3748.2660669099614,0.0267352939827239
35,"30","Interdisciplinary Studies",2020,80875.3723583934,12341.552299000115,1092,24275,3824.890750143296,0.026605392976176253
35,"30","Interdisciplinary Studies",2021,86548.79899127061,12427.194573967656,1157,25775,3941.277159462228,0.027029974695119714
35,"30","Interdisciplinary Studies",2022,96633.10928234758,13713.957436524604,1202,26308,3981.8158473694184,0.026837421820248033
35,"30","Interdisciplinary Studies",2023,101469.81442923704,14635.652384647698,1239,27472,4068.937410000861,0.027311843350592127
36,"30","Interdisciplinary Studies",2014,74793.24561869357,12262.136702905658,823,18830,3368.760439000638,0.025082353505335494
36,"30","Interdisciplinary Studies",2015,76930.44930141771,12501.231012209462,831,19468,3425.3513820656785,0.025169885088381617
36,"30","Interdisciplinary Studies",2016,76176.6562404483,12501.282192229015,873,19630,3439.5754415206857,0.024831379374901964
36,"30","Interdisciplinary Studies",2017,77837.45828086376,12319.603653900629,956,21441,3594.7194137022316,0.02632823043003636
36,"30","Interdisciplinary Studies",2018,77970.332358719,12512.693245718823,989,21889,3632.078469302891,0.02595602334132959
36,"30","Interdisciplinary Studies",2019,83333.3579766537,14037.921974946086,1021,22359,3670.8634244220552,0.025642348925863232
36,"30","Interdisciplinary Studies",2020,83537.9646670056,13219.030219550768,1029,23604,3771.66572965162,0.025869977170326026
36,"30","Interdisciplinary Studies",2021,86395.60469754945,13325.468452860776,1050,24566,3847.747853080311,0.02576210895675309
36,"30","Interdisciplinary Studies",2022,93417.32313598227,14549.010948798705,1096,25268,3902.3316023006446,0.02577649287494402
36,"30","Interdisciplinary Studies",2023,96474.38179833641,14542.920988473159,1162,26569,4001.5178014437474,0.026414107672607826
37,"30","Interdisciplinary Studies",2014,81905.33203070481,12908.08970673147,903,21495,3599.2289758218303,0.028632245809728438
37,"30","Interdisciplinary Studies",2015,78765.63424837831,12380.792717192646,874,21274,3580.6859075162884,0.0275048353898824
37,"30","Interdisciplinary Studies",2016,76116.02644799055,12480.317034304739,864,20304,3498.1180347750387,0.025683969782374402
37,"30","Interdisciplinary Studies",2017,77254.88863743517,12747.538110076459,913,21210,3575.305531193139,0.02604457662520737
37,"30","Interdisciplinary Studies",2018,80270.77308950205,13460.331104691308,943,21709,3617.116015949868,0.025742578953671897
37,"30","Interdisciplinary Studies",2019,83173.87448188863,13426.487320240201,994,22196,3657.460423223323,0.025455412887806266
37,"30","Interdisciplinary Studies",2020,83997.88706930434,13272.8143168043,1004,22899,3714.9218134264574,0.025097297374313494
37,"30","Interdisciplinary Studies",2021,89900.06810168101,14141.427445739411,1071,24390,3833.941963276648,0.02557753958541105
37,"30","Interdisciplinary Studies",2022,93347.5422982885,14117.858826446649,1101,24540,3845.714626146839,0.025033842613231213
37,"30","Interdisciplinary Studies",2023,95129.76735000197,13843.205888908731,1122,25317,3906.115151743688,0.02516940659969936
38,"30","Interdisciplinary Studies",2014,78235.16641281384,12222.021733473379,879,20353,3502.327667236963,0.027111053685294387
38,"30","Interdisciplinary Studies",2015,77745.31101698994,12243.026558550286,892,20777,3538.619309190251,0.02686227154722133
38,"30","Interdisciplinary Studies",2016,77753.24360432064,12313.885749350018,911,21108,3566.6949612599074,0.02670100641087268
38,"30","Interdisciplinary Studies",2017,78350.35546159267,12578.52064816163,929,21285,3581.620283226023,0.02613667201638561
38,"30","Interdisciplinary Studies",2018,81422.58760782858,13309.373257143205,963,21562,3604.8505829030564,0.025568266037084775
38,"30","Interdisciplinary Studies",2019,85641.91613107632,14116.957199261033,994,22094,3649.0482123521283,0.025338434508163254
38,"30","Interdisciplinary Studies",2020,93923.05641220088,14813.728622232471,1008,23736,3782.1954440146233,0.02601464913213263
38,"30","Interdisciplinary Studies",2021,97992.728081975,14641.171890230975,1056,25276,3902.945901127622,0.026506678579780635
38,"30","Interdisciplinary Studies",2022,109657.18316448844,16420.914819398644,1094,25862,3947.925454939764,0.02638244652255035
38,"30","Interdisciplinary Studies",2023,113291.99839258345,16495.138985718662,1144,26751,4015.1974040796526,0.02659504664646513
39,"30","Interdisciplinary Studies",2014,83859.69293208173,15700.777504088099,847,18110,3303.7359760900563,0.02412328316418618
39,"30","Interdisciplinary Studies",2015,83974.00188972877,16076.170470800897,826,17992,3292.9601790896345,0.023261586835327825
39,"30","Interdisciplinary Studies",2016,82045.57481448665,14904.405858162478,833,18058,3298.9970113374357,0.02284284507142026
39,"30","Interdisciplinary Studies",2017,85415.8609236609,15364.403973526685,862,18968,3381.0918790570486,0.023291538398252397
39,"30","Interdisciplinary Studies",2018,87486.09490342322,14720.761461988224,928,20916,3550.446911988847,0.024802237845824377
39,"30","Interdisciplinary Studies",2019,86930.17642466823,13391.775164073257,968,21777,3622.7796211704904,0.02497488405378253
39,"30","Interdisciplinary Studies",2020,88909.60463996498,13194.02922801413,992,22845,3710.5396697081933,0.025038113389938065
39,"30","Interdisciplinary Studies",2021,94369.77442066302,13442.391910425918,1068,24856,3870.3887015752025,0.026066228943623496
39,"30","Interdisciplinary Studies",2022,100332.56025261496,14042.381862248303,1100,25335,3907.5009804858073,0.02584484118199726
39,"30","Interdisciplinary Studies",2023,101909.78879654787,14424.440443863714,1127,25028,3883.7601704725384,0.024882091415936947
40,"30","Interdisciplinary Studies",2014,79812.33254977212,12243.473626300669,926,20845,3544.4000166402384,0.027766418418413086
40,"30","Interdisciplinary Studies",2015,81194.41429049052,12764.337704785572,914,20937,3552.216282158101,0.027069133146468357
40,"30","Interdisciplinary Studies",2016,84342.3462830644,13611.934746996538,931,21133,3568.8061916390257,0.02673263068414688
40,"30","Interdisciplinary Studies",2017,88384.86689155309,14303.878856485755,968,21937,3636.0542103604075,0.02693728795036181
40,"30","Interdisciplinary Studies",2018,90194.00175916967,14264.208262305254,979,22738,3701.835642058587,0.02696276936978173
40,"30","Interdisciplinary Studies",2019,90678.35341969141,14744.967844535493,987,22619,3692.141684506161,0.02594052910926698
40,"30","Interdisciplinary Studies",2020,89899.88893047239,14322.90314698267,1019,24048,3806.9680133213014,0.026356601041857323
40,"30","Interdisciplinary Studies",2021,91923.77393406245,13972.01092012014,1068,25236,3899.856933358312,0.026464730995384718
40,"30","Interdisciplinary Studies",2022,98613.65966619206,14802.668797945496,1100,25284,3903.5667032804786,0.025792814858717927
40,"30","Interdisciplinary Studies",2023,102118.36846872962,14949.334839561228,1192,27598,4078.256126639675,0.027437108794031797
41,"30","Interdisciplinary Studies",2014,86451.11084743975,14270.779752603277,857,18963,3380.6349762902473,0.02525951511002002
41,"30","Interdisciplinary Studies",2015,91509.43279062842,15703.282516309691,900,20146,3484.478747493753,0.02604646111519088
41,"30","Interdisciplinary Studies",2016,91166.44686428715,16045.915260197255,897,19836,3457.5735231040935,0.025091963386681373
41,"30","Interdisciplinary Studies",2017,99175.88768315247,17788.49677648283,900,19997,3471.5791881963137,0.024555087165217905
41,"30","Interdisciplinary Studies",2018,99320.26791833583,17388.79371419153,921,20719,3533.6895677131597,0.024568634821554563
41,"30","Interdisciplinary Studies",2019,101048.07111006806,17933.17223581771,953,21305,3583.309744246279,0.0244335723362188
41,"30","Interdisciplinary Studies",2020,97573.93232664783,16767.45158708614,933,21589,3607.1116886434834,0.023661537753354032
41,"30","Interdisciplinary Studies",2021,99662.46432427569,15969.29438664142,968,22228,3660.099923015425,0.023310272648811678
41,"30","Interdisciplinary Studies",2022,104041.58520816041,16166.780584679404,1030,22891,3714.2788764434413,0.02335165816053283
41,"30","Interdisciplinary Studies",2023,108449.47983819459,16958.967616974518,1074,23485,3762.155975355796,0.023348086818894005
42,"30","Interdisciplinary Studies",2014,83917.04191932507,15075.52622016936,831,18965,3380.813222280992,0.02526217919430099
42,"30","Interdisciplinary Studies",2015,84460.63747413053,14524.265947560565,859,19811,3455.3904260332697,0.025613344641767427
42,"30","Interdisciplinary Studies",2016,83824.19754984624,13759.119781860536,893,20162,3485.865931519203,0.025504343910176943
42,"30","Interdisciplinary Studies",2017,87438.85179884518,14435.39469698535,898,20263,3494.589153089886,0.024881718819263408
42,"30","Interdisciplinary Studies",2018,88049.98489803771,14415.507491226337,914,20792,3539.908398519496,0.024655198378771295
42,"30","Interdisciplinary Studies",2019,88563.49970757384,14519.20414656408,935,20518,3516.5131499816557,0.023531003857992835
42,"30","Interdisciplinary Studies",2020,91838.07388985975,14633.397694607034,923,22317,3667.4159828480942,0.024459425542711657
42,"30","Interdisciplinary Studies",2021,96079.3879948167,15187.1630883807,969,23923,3797.0658333001666,0.025087801537588706
42,"30","Interdisciplinary Studies",2022,106914.51138813751,17276.270798545396,1020,25509,3920.8940787119272,0.026022342755538507
42,"30","Interdisciplinary Studies",2023,109168.8063819305,17314.963173411677,1072,26387,3987.7912403391138,0.026233168698750527
43,"30","Interdisciplinary Studies",2014,90516.22007426823,16881.161005288322,813,18312,3322.107469653117,0.024392355676564184
43,"30","Interdisciplinary Studies",2015,92734.2411686587,16871.39396137859,844,18825,3368.3169726701694,0.024338560036407643
43,"30","Interdisciplinary Studies",2016,88678.83654838044,15870.91356980068,864,19388,3418.3109474499506,0.024525256409607708
43,"30","Interdisciplinary Studies",2017,86585.58009323293,14366.384111383308,881,19521,3430.0180087826043,0.023970588415873316
43,"30","Interdisciplinary Studies",2018,88641.13636143996,14006.564452441144,924,20695,3531.6426273140064,0.02454017556986687
43,"30","Interdisciplinary Studies",2019,89998.50928256018,14375.2722474742,933,21061,3562.7342795663803,0.024153741702562972
43,"30","Interdisciplinary Studies",2020,94510.5506092254,14677.441296946932,941,22980,3721.485347918513,0.025186073350876637
43,"30","Interdisciplinary Studies",2021,105095.33948339484,16491.55276711846,976,23848,3791.1100925144806,0.02500914981684636
43,"30","Interdisciplinary Studies",2022,112087.4159814899,17257.94922669506,1000,24203,3819.221580494189,0.02469006082999328
43,"30","Interdisciplinary Studies",2023,118482.13825419864,18819.24814696618,1010,24115,3812.275306567826,0.023974414036092354
44,"30","Interdisciplinary Studies",2014,86790.10038322942,15490.48073500536,799,17483,3246.049051822393,0.02328809274210199
44,"30","Interdisciplinary Studies",2015,86930.68171704563,15561.760445993423,833,18427,3332.52486579207,0.02382399180828067
44,"30","Interdisciplinary Studies",2016,89318.27915652879,16212.410513218816,847,18495,3338.6707795836355,0.02339563736825328
44,"30","Interdisciplinary Studies",2017,92262.7063387424,16555.04448050136,903,19720,3447.454358692549,0.024214948187132924
44,"30","Interdisciplinary Studies",2018,94569.7370668006,16993.93612763891,919,19910,3464.0235054343866,0.02360932087924858
44,"30","Interdisciplinary Studies",2019,97232.71423523473,17215.109814815718,902,19810,3455.317875908492,0.022719036281647238
44,"30","Interdisciplinary Studies",2020,96074.13960485408,16529.297518707655,890,19942,3466.8103196110733,0.021856426229903476
44,"30","Interdisciplinary Studies",2021,99560.93920945025,16334.428714005078,943,22010,3642.1102089454903,0.023081658313853923
44,"30","Interdisciplinary Studies",2022,107725.88332049482,18241.34196081678,964,22069,3646.9904409681963,0.022513116244148312
44,"30","Interdisciplinary Studies",2023,111971.13128527727,18805.570829607637,1030,23209,3739.987233563665,0.023073695847549966
45,"30","Interdisciplinary Studies",2014,89325.24397036707,16152.837331982224,798,17953,3289.3862395335436,0.02391415254813001
45,"30","Interdisciplinary Studies",2015,90663.69150168201,16312.687200220695,796,18133,3305.836489378047,0.023443883619664263
45,"30","Interdisciplinary Studies",2016,93331.48962208205,16678.59753120224,845,18549,3343.540562208688,0.02346394579852555
45,"30","Interdisciplinary Studies",2017,94347.70826816808,17031.21732095077,857,19182,3400.1088705059155,0.023554317247747654
45,"30","Interdisciplinary Studies",2018,93974.07559194078,15926.440846809632,902,20399,3506.2987206744015,0.024189178132385324
45,"30","Interdisciplinary Studies",2019,92533.5768422082,15047.288485055396,903,20451,3510.767792064256,0.023454165118423406
45,"30","Interdisciplinary Studies",2020,99245.22863089044,16974.298751270453,882,20181,3487.5200887634483,0.022118370160750276
45,"30","Interdisciplinary Studies",2021,101059.21954333415,16638.47161740567,880,20365,3503.383161897645,0.021356563905571793
45,"30","Interdisciplinary Studies",2022,109298.30527966545,17317.54575967694,929,21043,3561.2182309529744,0.02146646903464647
45,"30","Interdisciplinary Studies",2023,114762.88948138361,18396.639204602445,956,21191,3573.719714615555,0.02106746041214319
46,"30","Interdisciplinary Studies",2014,89267.95548086561,16585.71096818619,785,16959,3197.0398425424064,0.022590102660487766
46,"30","Interdisciplinary Studies",2015,89103.34065131948,15986.821288616899,804,17810,3276.2648369732656,0.023026281766184334
46,"30","Interdisciplinary Studies",2016,91133.39784058057,16642.88469585128,788,16949,3196.1035128402605,0.021439992308976738
46,"30","Interdisciplinary Studies",2017,95235.02349518907,16007.425586510411,855,17876,3282.3358730400105,0.021950629502697168
46,"30","Interdisciplinary Studies",2018,95132.55703501782,15358.635719895414,905,19076,3390.70569259076,0.02262036188310125
46,"30","Interdisciplinary Studies",2019,96563.98827264813,16034.964245067433,938,19527,3430.551524304048,0.02239447862048085
46,"30","Interdisciplinary Studies",2020,99881.27995714941,16748.638642498056,894,19603,3437.221251293631,0.021484882327991065
46,"30","Interdisciplinary Studies",2021,103125.91894867866,16766.0695126196,934,20888,3548.0775801737045,0.021905028571548423
46,"30","Interdisciplinary Studies",2022,112602.23360892136,18750.206635462764,939,20804,3540.9396399189695,0.02122265940202372
46,"30","Interdisciplinary Studies",2023,116117.9635901372,19774.99950413117,949,20846,3544.5133574894908,0.020724471697963143
47,"30","Interdisciplinary Studies",2014,88042.37823439878,15463.582084140538,803,17082,3208.6111820859223,0.02275394384376744
47,"30","Interdisciplinary Studies",2015,86744.36533544381,15523.56957303177,770,16426,3146.4084827965667,0.021236928932697578
47,"30","Interdisciplinary Studies",2016,88212.17255285347,16051.57986571593,778,16366,3140.6602877751516,0.020702514256222392
47,"30","Interdisciplinary Studies",2017,88245.43477244844,15288.367950353644,820,17117,3211.9059085800714,0.02101862414397334
47,"30","Interdisciplinary Studies",2018,95692.93094045631,16369.323048428592,863,17970,3290.9563281942114,0.02130886470116007
47,"30","Interdisciplinary Studies",2019,97275.90038389605,15057.707391810512,942,20318,3499.3348645155984,0.023301634486143797
47,"30","Interdisciplinary Studies",2020,98328.57102603096,14868.47409258929,973,22358,3670.782755628461,0.024504361530848555
47,"30","Interdisciplinary Studies",2021,105791.28773344652,16184.21616280249,1006,23560,3768.152517308117,0.02470712720919575
47,"30","Interdisciplinary Studies",2022,117236.79010267631,18538.387737836245,1004,23764,3784.431537214642,0.02424222640019668
47,"30","Interdisciplinary Studies",2023,118776.71089302405,19329.91362910876,1012,23538,3766.3980731722677,0.02340077783875355
48,"30","Interdisciplinary Studies",2014,91201.3071357561,15941.867940138754,841,18106,3303.371151955867,0.024117954995624243
48,"30","Interdisciplinary Studies",2015,93299.23463781117,16196.492299250724,835,17836,3278.655093515405,0.023059896776061975
48,"30","Interdisciplinary Studies",2016,96984.12018113567,17189.943161277923,765,16783,3180.4154035112433,0.02123000713443605
48,"30","Interdisciplinary Studies",2017,97299.39910496339,17382.544365445727,782,17206,3220.2442561938537,0.02112791067483819
48,"30","Interdisciplinary Studies",2018,102982.03804883707,19009.262737250487,798,17241,3223.5201465720324,0.020444414931146397
48,"30","Interdisciplinary Studies",2019,102502.09910871538,18509.732888725477,854,18737,3360.4494580095256,0.02148846960167715
48,"30","Interdisciplinary Studies",2020,104553.85543620645,19186.089816952568,840,19085,3391.5096306311734,0.02091715447787122
48,"30","Interdisciplinary Studies",2021,108214.46288014311,19476.539087389112,907,20124,3482.5946820834947,0.021103829709586387
48,"30","Interdisciplinary Studies",2022,118297.51727759164,21576.256826337496,929,19997,3471.591968396765,0.020399419345427244
48,"30","Interdisciplinary Studies",2023,116821.39679257653,20369.625507003853,945,19829,3456.981828386636,0.019713400618771523
49,"30","Interdisciplinary Studies",2014,90185.56823935558,18067.398531572067,789,17380,3236.474193830882,0.02315089240163202
49,"30","Interdisciplinary Studies",2015,95879.78192161821,20035.75142798637,794,17402,3238.5250312166445,0.022498784688104425
49,"30","Interdisciplinary Studies",2016,96354.59126065602,19460.3180388894,800,17713,3267.335169898435,0.022406430100236296
49,"30","Interdisciplinary Studies",2017,98255.62087534372,20494.23376974944,804,17456,3243.5518533619247,0.021434895312099002
49,"30","Interdisciplinary Studies",2018,101839.32510850823,21437.831959585958,785,16819,3183.8300301651884,0.019944006422304462
49,"30","Interdisciplinary Studies",2019,101563.1383436487,20592.054335519573,815,16965,3197.6200964685036,0.01945625696709467
49,"30","Interdisciplinary Studies",2020,98778.98252134022,17726.967529959096,823,17221,3221.653805105868,0.018874211017208292
49,"30","Interdisciplinary Studies",2021,104122.16069159808,18592.965471182848,882,18103,3303.1170559484012,0.018984428007982626
49,"30","Interdisciplinary Studies",2022,107924.92414941214,18050.686743302555,940,19222,3403.6637003606434,0.01960882325637858
49,"30","Interdisciplinary Studies",2023,110332.07101600227,18349.284340604754,989,21122,3567.8975800902494,0.020998862669307183
50,"30","Interdisciplinary Studies",2014,96238.15859323158,17549.832222735786,867,19591,3436.1496243546576,0.0260960375742447
50,"30","Interdisciplinary Studies",2015,97539.831390949,17827.73457861089,846,19821,3456.2622809909576,0.025626273491720364
50,"30","Interdisciplinary Studies",2016,97292.79748936612,17965.543660131305,838,19278,3408.601390531266,0.024386109607201226
50,"30","Interdisciplinary Studies",2017,99404.40985968095,18723.491924381913,837,18743,3360.9812794882473,0.023015252224717665
50,"30","Interdisciplinary Studies",2018,103649.00790406106,19281.251301488894,816,18345,3325.1127933022995,0.021753540508780273
50,"30","Interdisciplinary Studies",2019,102616.39143730886,18583.754333278463,823,17985,3292.332287500643,0.020626040763524766
50,"30","Interdisciplinary Studies",2020,109518.36937523748,19243.00473460242,824,18423,3332.1773838997187,0.020191602669416896
50,"30","Interdisciplinary Studies",2021,117788.7200203252,19430.73457723452,893,19680,3443.966867401239,0.020638211522791695
50,"30","Interdisciplinary Studies",2022,124383.07076081552,20485.542931463417,919,20110,3481.3855777330823,0.020514693355830466
50,"30","Interdisciplinary Studies",2023,120076.53165317919,18871.47116983112,999,21625,3610.124720427305,0.021498930272879833
51,"30","Interdisciplinary Studies",2014,93597.23436100806,16714.696799815574,777,15634,3069.623271520558,0.020825146824344935
51,"30","Interdisciplinary Studies",2015,95292.86001817946,17563.88871023085,750,15402,3046.7677383459363,0.019913014697516628
51,"30","Interdisciplinary Studies",2016,93123.98049844649,17647.219837341774,764,15127,3019.451033897777,0.019135215272753033
51,"30","Interdisciplinary Studies",2017,99685.9782125389,19216.67332185633,778,15743,3080.312692551424,0.019331436577587912
51,"30","Interdisciplinary Studies",2018,102916.30929230769,19744.53054260089,792,16250,3129.5170131639206,0.01926928499687541
51,"30","Interdisciplinary Studies",2019,107386.3798344175,20004.184171056997,808,16910,3192.4331880641303,0.019393180389836184
51,"30","Interdisciplinary Studies",2020,104379.93645642811,18976.340972832495,806,16949,3196.11297618651,0.018576099095909838
51,"30","Interdisciplinary Studies",2021,113942.30444334597,21135.04278309379,820,18207,3312.5903709968184,0.019093491727412013
51,"30","Interdisciplinary Studies",2022,116661.75374664774,20607.19518565363,879,19017,3385.4675237036045,0.019399697839275386
51,"30","Interdisciplinary Studies",2023,119274.72387421384,21015.791995103526,913,19875,3460.988799617381,0.019759132447328864
52,"30","Interdisciplinary Studies",2014,86726.94994126093,16008.547733454865,731,15322,3038.842890925616,0.020409549676513566
52,"30","Interdisciplinary Studies",2015,89547.67646686899,16447.643189391612,739,15816,3087.439616925848,0.0204482690855683
52,"30","Interdisciplinary Studies",2016,92362.85277498745,16315.650349094498,758,15928,3098.353628396372,0.020148456988458404
52,"30","Interdisciplinary Studies",2017,94620.03594855305,16687.559048645766,745,15550,3061.3750958712885,0.019094444437622565
52,"30","Interdisciplinary Studies",2018,100923.13935821873,19060.38552835948,735,15270,3033.6928480243055,0.01810719888629462
52,"30","Interdisciplinary Studies",2019,101396.77603590711,19430.022295497572,761,15373,3043.908378937201,0.017630476767176325
52,"30","Interdisciplinary Studies",2020,97547.9118570239,18808.524353447396,751,15611,3067.3786645625632,0.017109651483052008
52,"30","Interdisciplinary Studies",2021,99051.48227785352,19523.085794146868,785,16138,3118.71992038078,0.016923752924533148
52,"30","Interdisciplinary Studies",2022,102246.54113487925,19657.520097545028,810,16689,3171.510291376507,0.01702484920017179
52,"30","Interdisciplinary Studies",2023,103989.61566433567,17825.133416680714,877,17875,3282.2562322021367,0.017770792075270613
53,"30","Interdisciplinary Studies",2014,91857.72361519764,17500.166690271388,765,15634,3069.623271520558,0.020825146824344935
53,"30","Interdisciplinary Studies",2015,90276.15873015873,18114.887343957613,741,15372,3043.799373719642,0.01987422814765781
53,"30","Interdisciplinary Studies",2016,97457.50297893249,20463.956601670972,759,16281,3132.4947950227493,0.02059499172709011
53,"30","Interdisciplinary Studies",2017,97260.41508160511,20798.025073652123,755,16298,3134.1326865150936,0.020012942472306915
53,"30","Interdisciplinary Studies",2018,103499.09929696124,21374.972630902474,784,17211,3220.714731596051,0.02040884086653678
53,"30","Interdisciplinary Studies",2019,102707.80102576058,21236.403229489315,790,17158,3215.755210749379,0.019677598410928993
53,"30","Interdisciplinary Studies",2020,101710.02962023858,20539.078659626764,771,17353,3233.9758889357236,0.019018882979014894
53,"30","Interdisciplinary Studies",2021,99962.83733858359,18619.79305922403,745,17269,3226.142040993005,0.018109820873327732
53,"30","Interdisciplinary Studies",2022,110108.4589541338,20541.838484262702,763,17115,3211.728400483551,0.017459422018152086
53,"30","Interdisciplinary Studies",2023,112700.35586891093,20282.90982566308,801,17942,3288.4011219493214,0.017837401477734563
54,"30","Interdisciplinary Studies",2014,85651.49510471374,15562.797760662226,798,15423,3048.841083705629,0.020544085932702568
54,"30","Interdisciplinary Studies",2015,88071.32315411298,16106.431514694774,811,16144,3119.286088697287,0.020872335364024698
54,"30","Interdisciplinary Studies",2016,90313.77695599022,16725.87534315974,794,16360,3140.0845968929925,0.020694924430636585
54,"30","Interdisciplinary Studies",2017,93688.96008518405,18097.242850499446,812,16435,3147.276290009405,0.020181170053525842
54,"30","Interdisciplinary Studies",2018,94250.16584372299,18353.61630103636,791,16202,3124.892051773049,0.019212366493500027
54,"30","Interdisciplinary Studies",2019,96024.41755562328,18239.994528193074,793,16405,3144.4078340844576,0.018814022725917364
54,"30","Interdisciplinary Studies",2020,93727.0099469496,16809.026565439377,761,16588,3161.896293396353,0.018180443200362995
54,"30","Interdisciplinary Studies",2021,95742.91240117722,16353.829413220226,784,17329,3231.7410470299224,0.01817274224992161
54,"30","Interdisciplinary Studies",2022,104536.7126410962,15840.476794953178,792,17807,3276.006487767859,0.018165347816373602
54,"30","Interdisciplinary Studies",2023,111743.29939689039,16317.276507974084,797,18073,3300.382688100318,0.01796763777210438
55,"30","Interdisciplinary Studies",2014,91088.00523760858,17242.945372264257,785,15656,3071.7820368163957,0.020854451751435608
55,"30","Interdisciplinary Studies",2015,91027.52225089696,17113.361355114004,794,15887,3094.3610207327815,0.020540063920234167
55,"30","Interdisciplinary Studies",2016,91174.27423258184,17004.34870990783,785,15702,3076.296513978273,0.019862573558059635
55,"30","Interdisciplinary Studies",2017,95417.10229495371,17809.66770377696,748,15338,3040.437176266113,0.018834121465225395
55,"30","Interdisciplinary Studies",2018,102139.99920634921,19720.19606242347,726,15120,3018.7573635869485,0.017929328563246538
55,"30","Interdisciplinary Studies",2019,105520.76724419746,20841.762831063435,730,15295,3036.1772188591362,0.0175410227121552
55,"30","Interdisciplinary Studies",2020,107641.24558351177,21664.505746397805,687,14944,3001.1412156164215,0.016378619676044405
55,"30","Interdisciplinary Studies",2021,114236.5509493463,23777.364145734224,705,15221,3028.8267504653336,0.015962104552256728
55,"30","Interdisciplinary Studies",2022,122050.49324758843,25288.066110937794,754,15550,3061.3838594091662,0.01586292798026672
55,"30","Interdisciplinary Studies",2023,121975.47918713163,24758.743233457437,795,16288,3133.181714105289,0.016193043990042393
56,"30","Interdisciplinary Studies",2014,91372.92012102874,18691.30067376703,681,13220,2822.7315127277952,0.017609597097213766
56,"30","Interdisciplinary Studies",2015,90695.53742219524,18741.420918164153,680,13174,2817.8189526854735,0.01703246692800182
56,"30","Interdisciplinary Studies",2016,92459.02190611664,18970.194764711032,713,14060,2911.0246465505497,0.01778549128941017
56,"30","Interdisciplinary Studies",2017,91344.53763289445,18493.32554330355,718,14203,2925.7918091564043,0.017440411212061302
56,"30","Interdisciplinary Studies",2018,98597.83554191659,20247.224329837263,724,14338,2939.664453357758,0.017002031279089207
56,"30","Interdisciplinary Studies",2019,97487.68617466518,20204.4752953421,727,14336,2939.461499466728,0.01644119657413906
56,"30","Interdisciplinary Studies",2020,99142.23383345344,19491.217344588775,736,15263,3033.000552336899,0.016728243583743693
56,"30","Interdisciplinary Studies",2021,105825.6671812685,21690.109197295675,748,15546,3060.9885351746316,0.01630292867547356
56,"30","Interdisciplinary Studies",2022,113785.0140005359,23768.728986729628,722,14928,2999.537469308614,0.015228410861056052
56,"30","Interdisciplinary Studies",2023,116086.95451175956,24370.129163912774,729,14839,2990.5844547867378,0.01475249139048619
57,"30","Interdisciplinary Studies",2014,95555.76955099613,19961.3142401707,684,13452,2847.3896783044443,0.017918630873806324
57,"30","Interdisciplinary Studies",2015,93305.12181483579,19929.26517771476,710,14128,2918.052590452826,0.0182658792135122
57,"30","Interdisciplinary Studies",2016,92611.73832510907,19541.777653046607,708,13983,2903.043335759942,0.01768808852772563
57,"30","Interdisciplinary Studies",2017,95557.03637537667,20819.549232005214,727,13938,2898.371197769027,0.017115007496564843
57,"30","Interdisciplinary Studies",2018,100376.20008368784,21264.964751256513,732,14339,2939.7669545788153,0.017003217081242864
57,"30","Interdisciplinary Studies",2019,102101.95922022457,21719.662422801986,745,14517,2957.957662615062,0.01664877585566244
57,"30","Interdisciplinary Studies",2020,107603.7340008118,23596.340441734836,718,14782,2984.831618614467,0.01620106772291812
57,"30","Interdisciplinary Studies",2021,132498.06246789932,30525.99830310599,725,15576,3063.940288663836,0.0163343893637705
57,"30","Interdisciplinary Studies",2022,135772.3596654275,30995.287066151042,748,16140,3118.914830988511,0.016464801131929576
57,"30","Interdisciplinary Studies",2023,135321.477767925,31273.10834005971,742,15788,3084.7215648564893,0.01569595889702783
58,"30","Interdisciplinary Studies",2014,92000.31322115385,21220.6593571457,642,12480,2742.5989636328914,0.01662388591325475
58,"30","Interdisciplinary Studies",2015,90996.10972029052,19647.214031644773,672,12942,2792.8995440646236,0.016732517609093635
58,"30","Interdisciplinary Studies",2016,90075.85026062233,20229.05977270805,672,12662,2762.5269163292332,0.016017061927916895
58,"30","Interdisciplinary Studies",2017,97215.09748259239,22969.20006915671,674,13069,2806.572480738949,0.016047928897446256
58,"30","Interdisciplinary Studies",2018,97612.54291224686,22092.475702621858,670,13481,2850.4655694061844,0.01598579883340784
58,"30","Interdisciplinary Studies",2019,101659.39413130673,21704.962020620787,693,14211,2926.619640025467,0.016297840716733413
58,"30","Interdisciplinary Studies",2020,105543.43016017346,22757.921086071045,660,14297,2935.461591736677,0.015669507863249926
58,"30","Interdisciplinary Studies",2021,110659.40139409482,22851.912969647103,697,15207,3027.433640585969,0.015947422897718156
58,"30","Interdisciplinary Studies",2022,108079.17736407017,20504.165744899525,710,14879,2994.6110302703105,0.01517842478574846
58,"30","Interdisciplinary Studies",2023,113892.62210051547,22269.539232144976,758,15520,3058.430729115293,0.015429521287172024
59,"30","Interdisciplinary Studies",2014,90721.56571576316,19822.27074182842,610,11603,2644.4876825590504,0.01545568495604927
59,"30","Interdisciplinary Studies",2015,89896.75950791992,19387.06857509702,642,12437,2737.8725056740095,0.01607961068647022
59,"30","Interdisciplinary Studies",2016,91216.80430124594,19818.18909735252,646,12601,2755.8651498796676,0.015939898701127848
59,"30","Interdisciplinary Studies",2017,97295.49662030922,20696.869915746214,645,12871,2785.2329656218158,0.01580479706473569
59,"30","Interdisciplinary Studies",2018,106427.34060244744,25316.359300314907,646,12748,2771.895547388525,0.015116605854779553
59,"30","Interdisciplinary Studies",2019,104024.67170987607,24116.470540549817,679,13153,2815.5803226180637,0.015084476739652
59,"30","Interdisciplinary Studies",2020,102501.79575851622,24445.893256187883,644,13533,2855.959845510856,0.014832164084308682
59,"30","Interdisciplinary Studies",2021,109970.50351854567,25660.781952056717,649,13642,2867.4386574708506,0.014306223658227861
59,"30","Interdisciplinary Studies",2022,119988.74813806932,27775.854696245606,684,13964,2901.080450831664,0.014245011338678103
59,"30","Interdisciplinary Studies",2023,119901.16544783144,26126.57496116104,676,13811,2885.145845971145,0.013730484439248248
60,"30","Interdisciplinary Studies",2014,96962.15938766321,23218.762792559806,572,11105,2587.1193946278886,0.014792327970087662
60,"30","Interdisciplinary Studies",2015,95773.2009613763,21967.879841964328,607,11858,2673.3882040968524,0.01533103027419505
60,"30","Interdisciplinary Studies",2016,99672.04858135963,22359.191076282048,624,12371,2730.6007980797326,0.015648955387005208
60,"30","Interdisciplinary Studies",2017,103139.04980015988,22795.65147253082,653,12510,2745.8991331231114,0.015361511248531079
60,"30","Interdisciplinary Studies",2018,104784.83366472927,22597.75243157929,683,13076,2807.325706154994,0.015505548961178024
60,"30","Interdisciplinary Studies",2019,106891.19704653938,22664.114474022103,689,13408,2842.7399889285516,0.015376922688759525
60,"30","Interdisciplinary Studies",2020,106076.63761341765,21778.325647781956,685,14548,2961.1146604958767,0.0159446037906246
60,"30","Interdisciplinary Studies",2021,110567.62749475679,22739.919760056586,671,14781,2984.7322728816575,0.015500681123901629
60,"30","Interdisciplinary Studies",2022,117052.2752797828,22942.61173492958,682,15101,3016.8664499114166,0.015404892310611432
60,"30","Interdisciplinary Studies",2023,122487.81549767076,24261.596140564787,687,15241,3030.818409709229,0.015152147805269897
61,"30","Interdisciplinary Studies",2014,95743.12468139337,23377.706510698485,484,9416,2382.281550186971,0.012542508794808232
61,"30","Interdisciplinary Studies",2015,91339.39493008751,21534.209073694245,519,9941,2447.79095028139,0.012852569738216647
61,"30","Interdisciplinary Studies",2016,90270.39252430103,22245.76723725208,530,9979,2452.4659409800324,0.012623144920129736
61,"30","Interdisciplinary Studies",2017,101085.45024533856,26063.73260325277,545,10190,2478.2579610463727,0.012512693814750734
61,"30","Interdisciplinary Studies",2018,101507.32197869905,25037.219275311698,594,11361,2616.7737378836555,0.013471898267661634
61,"30","Interdisciplinary Studies",2019,102479.08568808869,24673.277291658575,616,11997,2689.0169045249127,0.01375872177036456
61,"30","Interdisciplinary Studies",2020,103460.14076478506,24359.382953576496,612,12631,2759.149527244555,0.0138435723452969
61,"30","Interdisciplinary Studies",2021,107191.06583939298,24575.07920703511,611,12652,2761.443301594948,0.01326802094442889
61,"30","Interdisciplinary Studies",2022,107660.80755479558,24014.032311016803,633,12866,2784.698566792709,0.013124915202193674
61,"30","Interdisciplinary Studies",2023,113332.33903675538,24866.58526101829,623,12624,2758.3881756831615,0.012550404428431677
62,"30","Interdisciplinary Studies",2014,96066.65792759051,26550.505581852693,437,8010,2197.244291404451,0.010669657545286104
62,"30","Interdisciplinary Studies",2015,90814.93465394371,24861.3869952074,456,8279,2233.833583230906,0.010703794876038187
62,"30","Interdisciplinary Studies",2016,90879.6099943214,23563.343657816185,481,8805,2303.7001570264447,0.011138069047173295
62,"30","Interdisciplinary Studies",2017,95767.28667549085,24612.850027313816,495,9066,2337.5933737152527,0.01113249088562612
62,"30","Interdisciplinary Studies",2018,98191.30433426879,25207.8211955269,521,9621,2408.078183580612,0.011408602520303898
62,"30","Interdisciplinary Studies",2019,102188.41155758078,27405.025483296027,535,9656,2412.4552011726682,0.011073953272871567
62,"30","Interdisciplinary Studies",2020,104920.42179061072,28326.11930670024,513,9628,2408.9555270034057,0.010552285214196704
62,"30","Interdisciplinary Studies",2021,108270.2617906952,30784.707954093345,501,9393,2379.3777356865544,0.009850341505771463
62,"30","Interdisciplinary Studies",2022,111062.32651783852,31537.077852591858,522,9586,2403.697467955367,0.00977890852854256
62,"30","Interdisciplinary Studies",2023,114034.45410864876,30273.774384710974,545,10198,2479.235759907278,0.01013854755712502
63,"30","Interdisciplinary Studies",2014,89085.69425354584,28791.657119802818,399,6839,2030.3001243316958,0.009109836198777985
63,"30","Interdisciplinary Studies",2015,94396.43649551984,30207.993842060965,414,7031,2058.601883073077,0.0090902744019114
63,"30","Interdisciplinary Studies",2016,98760.2166454892,28724.47640126307,436,7870,2177.9608566686575,0.00995532122671821
63,"30","Interdisciplinary Studies",2017,97714.90161423353,27288.183105542765,456,8487,2261.721273242449,0.010421514465730078
63,"30","Interdisciplinary Studies",2018,97290.69135521981,26309.507506549096,484,8803,2303.4407261528754,0.010438616358615031
63,"30","Interdisciplinary Studies",2019,95680.58362760834,24248.800687793628,503,9345,2373.289603460795,0.010717283899646312
63,"30","Interdisciplinary Studies",2020,90174.68469765529,22499.44310025086,487,9724,2420.93470834898,0.010657501186419687
63,"30","Interdisciplinary Studies",2021,96665.66401432265,25479.523863770028,497,10054,2461.6693643772333,0.010543525337914009
63,"30","Interdisciplinary Studies",2022,106387.20405196692,26087.57775453593,551,11007,2575.689758730503,0.011228504712462752
63,"30","Interdisciplinary Studies",2023,100617.94071313628,24462.82004622127,571,11807,2667.6437273590213,0.011738167386445881
64,"30","Interdisciplinary Studies",2014,89745.15746219593,27716.34639166426,336,6084,1914.9601309224445,0.008104144382711691
64,"30","Interdisciplinary Studies",2015,95936.3659239048,30377.619742967563,370,6597,1994.0577611057909,0.008529162313953849
64,"30","Interdisciplinary Studies",2016,98245.81187974314,31460.53175181915,390,6852,2032.230384968473,0.00866758081899278
64,"30","Interdisciplinary Studies",2017,93333.00426813959,26750.189489557717,427,7966,2191.204530765156,0.009781758481678542
64,"30","Interdisciplinary Studies",2018,104598.32756308667,30671.85220020386,445,8203,2223.56042957645,0.009727135066422707
64,"30","Interdisciplinary Studies",2019,97943.71544359255,27907.588597044753,472,9130,2345.831357153941,0.010470711824908597
64,"30","Interdisciplinary Studies",2020,98975.46402349486,25962.516117768835,467,9534,2397.167892665508,0.010449261241395032
64,"30","Interdisciplinary Studies",2021,106995.90496692219,28274.94203215801,466,9523,2395.7855284974557,0.009986671155058196
64,"30","Interdisciplinary Studies",2022,117284.70105560997,32512.114092968735,477,9189,2353.400196415318,0.00937391930615247
64,"30","Interdisciplinary Studies",2023,115511.90884507043,31705.778784902242,466,8875,2312.844193678048,0.008823260401008486
65,"30","Interdisciplinary Studies",2014,99214.48377415119,37723.7169939169,296,5331,1792.5474736885897,0.0071011166509263686
65,"30","Interdisciplinary Studies",2015,104538.31190560057,38461.21679128714,326,5678,1849.9654452233149,0.007341001003278756
65,"30","Interdisciplinary Studies",2016,107269.17761033369,37867.80466066779,340,6503,1979.8016181880735,0.008226105964084945
65,"30","Interdisciplinary Studies",2017,106353.5088,36026.61475405747,351,6875,2035.6389868094745,0.008442077524672355
65,"30","Interdisciplinary Studies",2018,103426.23308373043,33208.073868912354,373,7345,2104.0679196142264,0.008709716818587687
65,"30","Interdisciplinary Studies",2019,104464.0091383812,34328.62799567966,382,7660,2148.710640446121,0.008784846941818166
65,"30","Interdisciplinary Studies",2020,93989.80491082335,30096.85944731315,377,8186,2221.2564970769254,0.00897185363143064
65,"30","Interdisciplinary Studies",2021,97262.75184121833,30883.092841706475,392,8011,2197.387189888893,0.008401052464892493
65,"30","Interdisciplinary Studies",2022,104875.82971907343,34467.448175424586,405,8116,2211.7406927999373,0.008279326269314772
65,"30","Interdisciplinary Studies",2023,103817.60461743019,35568.070482866606,431,8273,2233.0300151117262,0.008224769949018954
66,"30","Interdisciplinary Studies",2014,109905.7639054667,46896.61037358789,233,4189,1588.9978584450685,0.00557992452649232
66,"30","Interdisciplinary Studies",2015,99974.09245411285,43009.020160711094,244,4413,1630.928247606887,0.005705501484231975
66,"30","Interdisciplinary Studies",2016,98697.86099095557,40169.26929059307,271,5086,1750.8750186509292,0.00643364215490328
66,"30","Interdisciplinary Studies",2017,92300.88521612786,36143.49219520104,291,5506,1821.732361309699,0.006761029651032144
66,"30","Interdisciplinary Studies",2018,91121.49470549305,31825.871825872127,309,6044,1908.6575474270821,0.007166988216683999
66,"30","Interdisciplinary Studies",2019,83201.08198225757,27017.11264587775,344,6538,1985.124044184604,0.007498084765745061
66,"30","Interdisciplinary Studies",2020,87517.76544151289,28893.37576719612,345,6557,1988.0065201489597,0.007186470102771893
66,"30","Interdisciplinary Studies",2021,94411.2043375627,29696.13093615415,357,6778,2021.230208314243,0.0071080181758883185
66,"30","Interdisciplinary Studies",2022,107908.30438413362,34273.93848849872,368,7185,2081.0278993578245,0.007329590838470508
66,"30","Interdisciplinary Studies",2023,107764.21712907117,35560.927218845056,390,7461,2120.6193401050778,0.007417503757963303
67,"30","Interdisciplinary Studies",2014,95937.69360544218,41636.82380091982,192,3675,1488.3244507688928,0.00489525486628295
67,"30","Interdisciplinary Studies",2015,96947.04677242889,42642.80453255298,200,3656,1484.4725204349013,0.004726787542794493
67,"30","Interdisciplinary Studies",2016,104283.09523809524,51918.053865141585,198,3570,1466.9097612971907,0.004515946223555783
67,"30","Interdisciplinary Studies",2017,111671.97566496888,56011.57192956762,199,3534,1459.4953344990095,0.004339534832318852
67,"30","Interdisciplinary Studies",2018,107699.41377483444,53067.76083282525,213,3775,1508.438583929225,0.004476403130043364
67,"30","Interdisciplinary Studies",2019,103291.92237210486,49662.64879392615,224,3929,1538.89866804044,0.004505961309974356
67,"30","Interdisciplinary Studies",2020,101129.00976828714,44592.916769445495,249,4402,1628.8960461276108,0.0048245907263080486
67,"30","Interdisciplinary Studies",2021,95335.31981713377,34845.977792336,281,5031,1741.3844921902526,0.005275957427396597
67,"30","Interdisciplinary Studies",2022,99562.99268018018,35467.03033316092,304,5328,1792.0464882158649,0.005435220596711325
67,"30","Interdisciplinary Studies",2023,105107.36155172414,37199.18144888724,336,5800,1869.737100999651,0.005766187078968926
68,"30","Interdisciplinary Studies",2014,83615.72770398483,46361.351869271675,160,3162,1380.545387286749,0.004211917248214065
68,"30","Interdisciplinary Studies",2015,98482.06993615786,57845.253238653015,162,3446,1441.2092221714404,0.0044552816937827745
68,"30","Interdisciplinary Studies",2016,89432.5346678271,55413.64587980176,168,3447,1441.418595671424,0.004360354799046718
68,"30","Interdisciplinary Studies",2017,94094.49731106708,54899.12283850579,182,3533,1459.288831550191,0.004338306893769808
68,"30","Interdisciplinary Studies",2018,103164.89453125,58651.81404079931,196,3584,1469.7837403278406,0.004249914918695475
68,"30","Interdisciplinary Studies",2019,109066.99173325986,57987.23817280747,204,3629,1478.9821498797428,0.004161907252200799
68,"30","Interdisciplinary Studies",2020,85985.51809618245,41933.94908040472,217,4034,1559.3256854451588,0.004421262832786612
68,"30","Interdisciplinary Studies",2021,93308.3634175692,46168.17172078433,235,4155,1582.5385185559446,0.004357305329125991
68,"30","Interdisciplinary Studies",2022,106341.00832144555,49376.59360694629,236,4206,1592.2211819221823,0.004290641484566034
68,"30","Interdisciplinary Studies",2023,108965.31598432055,47613.0749786591,260,4592,1663.6777124108785,0.004565229494245743
69,"30","Interdisciplinary Studies",2014,89037.74537892791,57864.20415264375,134,2164,1142.0890389525755,0.0028825391920098784
69,"30","Interdisciplinary Studies",2015,81143.43366880146,50928.38537078763,133,2186,1147.8798586429566,0.0028262465997124626
69,"30","Interdisciplinary Studies",2016,80300.09627201967,48459.73125971522,152,2441,1212.9835452600312,0.0030877940424929033
69,"30","Interdisciplinary Studies",2017,81988.64691358025,46617.363849744936,164,2835,1307.2149991661659,0.0034812057865376187
69,"30","Interdisciplinary Studies",2018,93187.0297899028,51108.87813558465,179,3189,1386.4278832747123,0.003781523068002196
69,"30","Interdisciplinary Studies",2019,90080.71605650043,47839.98044470177,194,3469,1446.0117847379254,0.0039784117547215685
69,"30","Interdisciplinary Studies",2020,86726.37387510226,47318.1786150743,200,3667,1486.7052500038994,0.004019030938975832
69,"30","Interdisciplinary Studies",2021,85899.7405080579,46353.01964413658,195,3661,1485.488695479174,0.003839252661836402
69,"30","Interdisciplinary Studies",2022,101607.54924709948,50300.31696443785,218,4051,1562.608223664488,0.0041325222667563015
69,"30","Interdisciplinary Studies",2023,94491.87563636363,45683.062438775094,235,4125,1576.8155580261962,0.0041009520173701415
70,"30","Interdisciplinary Studies",2014,77823.86112629852,64235.19463687552,101,1829,1049.9744181997821,0.002436305074947351
70,"30","Interdisciplinary Studies",2015,75834.23542476402,61619.43793701094,99,1801,1041.9066557164906,0.0023284858765243114
70,"30","Interdisciplinary Studies",2016,93428.74208955224,75078.44871957785,100,1675,1004.7999360299713,0.0021188263093714107
70,"30","Interdisciplinary Studies",2017,99709.87301587302,66534.34214239597,124,2142,1136.269285115447,0.002630244372050645
70,"30","Interdisciplinary Studies",2018,97446.4299765808,61205.18237720732,127,2135,1134.4112607627583,0.0025316875980510157
70,"30","Interdisciplinary Studies",2019,85285.37900424546,47246.24783790245,139,2591,1249.696846011557,0.0029714802123042908
70,"30","Interdisciplinary Studies",2020,91033.03865814696,42880.9390630416,170,3130,1373.5433500894808,0.003430479094353519
70,"30","Interdisciplinary Studies",2021,85519.51080120317,39278.50336540269,190,3657,1484.676972653569,0.0038350579033968107
70,"30","Interdisciplinary Studies",2022,82717.4450098954,38492.12321294568,190,3537,1460.1156187410193,0.003608178538019511
70,"30","Interdisciplinary Studies",2023,85354.29919137467,40817.888242924535,211,3710,1495.396852269109,0.0036883713901680547
71,"30","Interdisciplinary Studies",2014,87489.07189542483,69426.83095298088,78,1377,911.0444156279093,0.0018342220274480603
71,"30","Interdisciplinary Studies",2015,86057.08655043587,68263.53994587078,102,1606,983.8865639495281,0.002076373302442001
71,"30","Interdisciplinary Studies",2016,89987.78296529969,79253.5338384891,110,1585,977.4329249164534,0.00200497892558429
71,"30","Interdisciplinary Studies",2017,109100.57082324455,90689.15709338062,117,1652,997.8776444170497,0.002028554483019452
71,"30","Interdisciplinary Studies",2018,111105.54013277007,90205.77018401417,117,1657,999.3866713277994,0.001964874168604465
71,"30","Interdisciplinary Studies",2019,111268.11142374789,91358.76103876086,124,1777,1034.94166744472,0.0020379468688787048
71,"30","Interdisciplinary Studies",2020,126166.99344066787,100239.36135184449,116,1677,1005.3999250485952,0.00183799151477024
71,"30","Interdisciplinary Studies",2021,117273.93794871795,84403.46695299815,128,1950,1084.149705838337,0.0020449447393010066
71,"30","Interdisciplinary Studies",2022,102507.58857142857,70012.2800270918,134,2100,1125.074839518306,0.0021422603703254092
71,"30","Interdisciplinary Studies",2023,110438.36470078057,74400.07664819689,147,2306,1178.9656345681306,0.0022925564489831626
72,"30","Interdisciplinary Studies",2014,85246.1133682831,66798.1321727066,85,1526,959.0684652610365,0.0020326963063803487
72,"30","Interdisciplinary Studies",2015,82239.48788546256,55793.17039400441,94,1816,1046.2364698712947,0.00234787915145372
72,"30","Interdisciplinary Studies",2016,82784.57414448669,55918.46671736954,95,1841,1053.4133867200098,0.0023288114839120997
72,"30","Interdisciplinary Studies",2017,94316.61311642095,55814.032508877564,96,1967,1088.8648475029704,0.002415355125968076
72,"30","Interdisciplinary Studies",2018,91999.77046783626,54439.41568306675,99,2052,1112.142380219791,0.0024332660192977443
72,"30","Interdisciplinary Studies",2019,84878.92165450122,55421.54934358331,111,2055,1112.95515321844,0.002356770295748868
72,"30","Interdisciplinary Studies",2020,110758.22741273101,83289.8549839934,111,1948,1083.5935192715358,0.002135007436358037
72,"30","Interdisciplinary Studies",2021,133803.080760095,88059.5740190904,119,2105,1126.4133202243465,0.002207491628835189
72,"30","Interdisciplinary Studies",2022,132092.41367924528,93473.32225607804,128,2120,1130.41956897921,0.002162662850042794
72,"30","Interdisciplinary Studies",2023,147531.2121338912,96814.73235224518,148,2390,1200.2461628410422,0.0023760667446096092
73,"30","Interdisciplinary Studies",2014,91506.77445255475,76696.54051564168,71,1370,908.725834454681,0.0018248977324646642
73,"30","Interdisciplinary Studies",2015,106907.18737800911,72928.10451108341,81,1537,962.5189763277529,0.001987164237766722
73,"30","Interdisciplinary Studies",2016,109419.89985994398,80020.0926908673,76,1428,927.7622023725892,0.001806378489422313
73,"30","Interdisciplinary Studies",2017,103352.79464931309,80721.9604921966,79,1383,913.0273070171366,0.0016982390133268171
73,"30","Interdisciplinary Studies",2018,84966.7463672391,65000.84462722104,87,1514,955.2904775804678,0.0017953044606319613
73,"30","Interdisciplinary Studies",2019,70851.32439335888,51018.80904744478,90,1566,971.5571360509758,0.0017959621815779696
73,"30","Interdisciplinary Studies",2020,53918.4010446895,41736.078202788536,95,1723,1019.0955119204656,0.0018884075014604196
73,"30","Interdisciplinary Studies",2021,65800.69230769231,47959.34920610991,111,2067,1116.2000058538388,0.0021676414236590667
73,"30","Interdisciplinary Studies",2022,72202.99913569576,53542.18153972624,123,2314,1181.0088101165745,0.0023605669033014273
73,"30","Interdisciplinary Studies",2023,75519.52115626309,54041.37653040748,124,2387,1199.4926454610038,0.002373084234051522
74,"30","Interdisciplinary Studies",2014,63676.02018348624,55219.92300701336,62,1090,810.5620813144898,0.0014519259331288205
74,"30","Interdisciplinary Studies",2015,82303.16859504132,82848.55789741188,68,1210,854.0151220091517,0.0015643908443056173
74,"30","Interdisciplinary Studies",2016,86187.85750853243,89471.28843407659,67,1172,840.4981644780471,0.0014825459310945034
74,"30","Interdisciplinary Studies",2017,77531.90229885057,85028.74072865307,71,1218,856.8337589082648,0.0014956291527346806
74,"30","Interdisciplinary Studies",2018,75658.3350515464,91212.33628137122,68,1164,837.6247876334884,0.0013802737068531064
74,"30","Interdisciplinary Studies",2019,89841.75752051048,103163.4369632232,69,1097,813.1608613165499,0.0012580910045919748
74,"30","Interdisciplinary Studies",2020,75538.476881233,69853.04025326314,73,1103,815.3816041265155,0.0012088876808536522
74,"30","Interdisciplinary Studies",2021,72288.56349206349,57105.23028112374,82,1386,914.017220112404,0.0014534837993185614
74,"30","Interdisciplinary Studies",2022,79303.32604237867,57517.65158900535,85,1463,939.0632313053695,0.001492441391326702
74,"30","Interdisciplinary Studies",2023,86937.17525162818,62896.44354594543,99,1689,1008.9907684163899,0.0016791534442031925
75,"30","Interdisciplinary Studies",2014,72884.87282608695,73737.32029207432,51,920,744.6757592910478,0.0012254787692463438
75,"30","Interdisciplinary Studies",2015,77891.9134993447,92635.82753773863,40,763,678.1657309413939,0.0009864712514092446
75,"30","Interdisciplinary Studies",2016,85108.2037533512,102212.58777645977,38,746,670.5683165357271,0.0009436683145021327
75,"30","Interdisciplinary Studies",2017,86216.66626065773,94172.4783345535,39,821,703.4692223325418,0.0010081375487645096
75,"30","Interdisciplinary Studies",2018,107202.35250737463,121400.82215362934,35,678,639.2762926753135,0.0008039738601773248
75,"30","Interdisciplinary Studies",2019,81115.4331210191,93133.89279556707,42,785,687.8732775505403,0.0009002747845074751
75,"30","Interdisciplinary Studies",2020,74111.63983050847,70106.75733845428,51,1180,843.3620303560103,0.00129327965857417
75,"30","Interdisciplinary Studies",2021,73758.31442869057,69704.24557595274,58,1199,850.1246785250705,0.0012573788422676445
75,"30","Interdisciplinary Studies",2022,81213.5836545875,75250.61322653756,65,1297,884.1845010308059,0.0013231008096724075
75,"30","Interdisciplinary Studies",2023,81030.59864457832,75049.34702453786,70,1328,894.6886263728177,0.0013202580070466783
76,"30","Interdisciplinary Studies",2014,68973.24620573357,68387.97586876291,32,593,597.862298177134,0.0007899009893076978
76,"30","Interdisciplinary Studies",2015,75754.68155339806,76851.43769727655,29,515,557.15697491525,0.0006658357725763577
76,"30","Interdisciplinary Studies",2016,74130.85789473684,85141.63691938022,29,570,586.1534336725862,0.0007210334306517636
76,"30","Interdisciplinary Studies",2017,79020.50071942445,88109.29964556114,33,695,647.2411407829884,0.0008534172915850599
76,"30","Interdisciplinary Studies",2018,80395.73614775726,84374.85562286251,37,758,675.9401382420573,0.0008988380324696346
76,"30","Interdisciplinary Studies",2019,119252.52578616352,144225.42804621602,41,795,692.2407474850951,0.0009117432530999271
76,"30","Interdisciplinary Studies",2020,116682.32226322264,145401.99517402417,43,813,700.0335390734107,0.0008910477647633902
76,"30","Interdisciplinary Studies",2021,121865.51424694709,159726.1524852843,50,737,666.5111840831242,0.0007728842424947907
76,"30","Interdisciplinary Studies",2022,126538.76680972819,170205.1776020611,51,699,649.1011074700422,0.0007130666661226006
76,"30","Interdisciplinary Studies",2023,130959.73018080667,176343.96372912856,56,719,658.3217232374506,0.000714808363754941
77,"30","Interdisciplinary Studies",2014,80388.06870229008,90574.9902586586,31,524,562.0042155416222,0.0006979900816142219
77,"30","Interdisciplinary Studies",2015,73977.7785467128,81946.63091476398,35,578,590.2524227593642,0.0007472875272798734
77,"30","Interdisciplinary Studies",2016,66398.22988505747,95822.33866121697,43,696,647.7065850001205,0.0008804197679537324
77,"30","Interdisciplinary Studies",2017,68830.45384615385,113891.19153317856,35,650,625.9367613021877,0.0007981600568781136
77,"30","Interdisciplinary Studies",2018,97186.84720121029,144297.36713943759,35,661,631.2109251337678,0.0007838152235652091
77,"30","Interdisciplinary Studies",2019,90879.32162921349,134167.05112628193,39,712,655.1092228248025,0.0008165549637825761
77,"30","Interdisciplinary Studies",2020,85583.67088607595,132774.28957290892,40,632,617.2091811719923,0.0006926718171346403
77,"30","Interdisciplinary Studies",2021,87855.81995661605,146298.82390039426,36,461,527.1382828087569,0.0004834459101629559
77,"30","Interdisciplinary Studies",2022,105098.01156069365,159090.5558522066,43,519,559.3165855318922,0.0005294443486661369
77,"30","Interdisciplinary Studies",2023,101936.68196202532,142947.2084420891,50,632,617.2092174531432,0.0006283155575704071
78,"30","Interdisciplinary Studies",2014,38896.96568627451,37885.8297339318,26,408,495.9115173707577,0.0005434731933179438
78,"30","Interdisciplinary Studies",2015,49862.662576687115,54967.57045740713,23,326,443.2850159042248,0.00042148050846581097
78,"30","Interdisciplinary Studies",2016,91885.44444444444,171781.58949780362,27,378,477.33148281444306,0.0004781590119059064
78,"30","Interdisciplinary Studies",2017,98592.71397379912,146551.2969408082,29,458,525.4202517301416,0.0005623958554618093
78,"30","Interdisciplinary Studies",2018,103344.62727272727,130338.00105387162,33,550,575.7782917844812,0.0006521911845096294
78,"30","Interdisciplinary Studies",2019,111770.83606557376,148236.53004801262,32,488,542.355383719729,0.0005596612673116533
78,"30","Interdisciplinary Studies",2020,90164.74836601307,128549.81100587381,32,612,607.3647441953503,0.0006707518229215187
78,"30","Interdisciplinary Studies",2021,83943.81535947713,88364.0496041547,33,612,607.3647577393413,0.0006417980412575466
78,"30","Interdisciplinary Studies",2022,76237.03795620438,85457.73644012134,41,685,642.5679617168265,0.0006987849303204312
78,"30","Interdisciplinary Studies",2023,84368.44823232324,85541.7860694347,48,792,690.9334656271105,0.0007873827873350671
79,"30","Interdisciplinary Studies",2014,98933.44599303136,171128.4000184438,20,287,415.92521806979084,0.0003822960943192399
79,"30","Interdisciplinary Studies",2015,79306.00651465799,147573.18725971,22,307,430.17331736495044,0.0003969156935552269
79,"30","Interdisciplinary Studies",2016,69103.24269662921,106384.45255194361,30,445,517.9097446934313,0.0005629120642807628
79,"30","Interdisciplinary Studies",2017,52772.873873873876,87294.35193968283,29,444,517.327512061173,0.0005452047157752037
79,"30","Interdisciplinary Studies",2018,97382.70719178082,144446.85628826282,33,584,593.3081515946906,0.0006925084577338609
79,"30","Interdisciplinary Studies",2019,105858.54528985507,162750.1148126351,31,552,576.8242230475682,0.0006330594663033456
79,"30","Interdisciplinary Studies",2020,116113.16221765913,180424.66348936886,28,487,541.7994131123547,0.0005337518590895092
79,"30","Interdisciplinary Studies",2021,120635.22027290448,176772.67122555987,30,513,556.0741446307719,0.0005379777698776494
79,"30","Interdisciplinary Studies",2022,133674.56386292833,170649.91037721382,34,642,622.0730079760875,0.0006549195989280538
79,"30","Interdisciplinary Studies",2023,111247.23095238095,157141.15133933842,26,420,503.1515435707628,0.0004175514781322326
80,"30","Interdisciplinary Studies",2014,51858.02032520325,121664.54774992488,20,246,385.07198440053196,0.00032768236655934845
80,"30","Interdisciplinary Studies",2015,25687.18614718615,38517.516600932264,19,231,373.14737353262575,0.0002986564339128906
80,"30","Interdisciplinary Studies",2016,33485.911016949154,59407.39382520069,21,236,377.1641438705831,0.0002985331397084495
80,"30","Interdisciplinary Studies",2017,60587.745,232460.35247702885,18,200,347.2077859128029,0.00024558770980865035
80,"30","Interdisciplinary Studies",2018,50029.71555555556,203214.85310597759,18,225,368.26944192609324,0.0002668054845721211
80,"30","Interdisciplinary Studies",2019,101040.54477611941,289291.798714881,20,268,401.9219858233534,0.0003073549582777113
80,"30","Interdisciplinary Studies",2020,111732.81853281854,300132.7964088046,19,259,395.11567891284295,0.00028386392505992377
80,"30","Interdisciplinary Studies",2021,103489.125,302186.9096231747,18,264,398.9113028737253,0.00027685405701305936
80,"30","Interdisciplinary Studies",2022,97964.35245901639,300482.23322477244,17,244,383.5034930713957,0.0002489102525520952
80,"30","Interdisciplinary Studies",2023,95336.4806378132,175689.4418467016,27,439,514.4064404520218,0.00043644071166678596
81,"30","Interdisciplinary Studies",2014,96492.08629441625,231517.0848890016,11,197,344.5938799845376,0.0002624123016755758
81,"30","Interdisciplinary Studies",2015,85951.66255144033,195009.81757078698,14,243,382.7167916730026,0.00031417105385641734
81,"30","Interdisciplinary Studies",2016,40928.434782608696,76122.07130181821,14,230,372.33882539552275,0.00029094331412264147
81,"30","Interdisciplinary Studies",2017,57655.58606557377,95602.69063491326,16,244,383.50347584691303,0.0002996170059665534
81,"30","Interdisciplinary Studies",2018,62044.07818930041,122583.31655140498,18,243,382.716807027059,0.00028814992333789076
81,"30","Interdisciplinary Studies",2019,56103.44666666666,102431.37547779725,20,300,425.24082007773245,0.00034405405777355736
81,"30","Interdisciplinary Studies",2020,80245.5867768595,96913.06587938697,20,363,467.7648057087063,0.00039784789496815574
81,"30","Interdisciplinary Studies",2021,71005.04761904762,99230.19017666353,22,378,477.331520905614,0.00039640467254142587
81,"30","Interdisciplinary Studies",2022,74454.93093922651,105181.97829648346,21,362,467.12007060456136,0.0003692848828846658
81,"30","Interdisciplinary Studies",2023,54005.11286089239,81103.21649535444,20,381,479.22195573109303,0.0003787788408770967
82,"30","Interdisciplinary Studies",2014,48817.84121621621,50645.914222307685,17,296,422.3963394776741,0.0003942844735836063
82,"30","Interdisciplinary Studies",2015,55413.705882352944,81873.66445902755,12,221,364.98124775409,0.00028572758395995157
82,"30","Interdisciplinary Studies",2016,51486.32960893855,92848.25158925082,11,179,328.47400061060415,0.00022642979664327313
82,"30","Interdisciplinary Studies",2017,69091.3909774436,121562.92751438584,9,133,283.1394466074358,0.00016331582702275248
82,"30","Interdisciplinary Studies",2018,52392.32738095238,94281.79927674717,7,168,318.22123003719287,0.0001992147618138504
82,"30","Interdisciplinary Studies",2019,56920.5,121161.14749299751,6,140,290.4949397375968,0.00016055856029432677
82,"30","Interdisciplinary Studies",2020,158284.9641693811,150122.10597617587,7,307,430.1733478879811,0.00033647191117141547
82,"30","Interdisciplinary Studies",2021,152296.88684210528,134383.12698149827,9,380,478.59263359123645,0.0003985020517612218
82,"30","Interdisciplinary Studies",2022,150847.41089108912,136576.25299511748,12,404,493.4746700168537,0.000412130090291174
82,"30","Interdisciplinary Studies",2023,159444.25192802056,149543.76969608615,14,389,484.2270079229702,0.0003867322023653297
83,"30","Interdisciplinary Studies",2014,34716.19718309859,87190.1568747111,11,142,292.56253214800313,0.0001891499839488922
83,"30","Interdisciplinary Studies",2015,25286.75,42573.627226524666,8,100,245.5130621318448,0.00012928849952938986
83,"30","Interdisciplinary Studies",2016,34665.20754716981,44824.7431636961,8,106,252.77116432706526,0.00013408691868260867
83,"30","Interdisciplinary Studies",2017,86719.21052631579,135394.1020890422,11,190,338.4163001515217,0.0002333083243182178
83,"30","Interdisciplinary Studies",2018,77596.66536964981,114057.36678974362,14,257,393.5871752208705,0.00030475115348904496
83,"30","Interdisciplinary Studies",2019,78169.0992063492,119731.42454799876,13,252,389.7397123499296,0.0002890054085297882
83,"30","Interdisciplinary Studies",2020,78589.15277777778,127645.35424543636,16,288,416.64922970282186,0.00031564791666895
83,"30","Interdisciplinary Studies",2021,89550.82624113475,145373.44629307947,17,282,412.2863028446708,0.00029573046999122244
83,"30","Interdisciplinary Studies",2022,49884.43434343435,142118.22437671197,15,198,345.46740003482944,0.00020198454920211003
83,"30","Interdisciplinary Studies",2023,61571.96753246753,182435.28213342337,13,154,304.67365394319796,0.00015310220864848527
84,"30","Interdisciplinary Studies",2014,82222.41960784314,112005.35049224569,11,255,392.05269669861866,0.0003396707458237149
84,"30","Interdisciplinary Studies",2015,86390.07203389831,118295.34466177733,10,236,377.16413884593646,0.00030512085888936006
84,"30","Interdisciplinary Studies",2016,83776.3893442623,118633.10653241925,11,244,383.5034701864568,0.00030865290715619356
84,"30","Interdisciplinary Studies",2017,101984.31553398058,132727.59787598092,9,206,352.37740964971437,0.0002529553411029098
84,"30","Interdisciplinary Studies",2018,130905.2270531401,117718.11712890677,9,207,353.23166146579945,0.0002454610458063514
84,"30","Interdisciplinary Studies",2019,75509.34831460674,105452.51296775561,10,178,327.5552007563112,0.00020413874094564404
84,"30","Interdisciplinary Studies",2020,82093.34254143646,113380.37880395129,13,181,330.30396160516983,0.0001983759476287498
84,"30","Interdisciplinary Studies",2021,87924.43406593407,118672.4334791546,12,182,331.2151477648592,0.00019086150900142726
84,"30","Interdisciplinary Studies",2022,92890.16363636364,113260.04257817612,15,220,364.15458751994436,0.00022442727689123336
84,"30","Interdisciplinary Studies",2023,54707.87570621469,107012.95373742987,14,177,326.6338134314888,0.00017596812292715517
85,"30","Interdisciplinary Studies",2014,22939.472222222223,53210.68894646732,10,180,329.3902398337311,0.00023976758528732815
85,"30","Interdisciplinary Studies",2015,26321.907563025212,75998.52813675746,9,119,267.8231132838707,0.00015385331443997394
85,"30","Interdisciplinary Studies",2016,16683.252427184467,41645.57053589091,7,103,249.1685433092104,0.00013029200588970466
85,"30","Interdisciplinary Studies",2017,22853.97435897436,37184.073920070055,8,117,265.56296775024543,0.00014366881023806044
85,"30","Interdisciplinary Studies",2018,16899.01818181818,36076.00413815484,7,110,257.4962673547138,0.00013043823690192587
85,"30","Interdisciplinary Studies",2019,64105.96261682243,174071.2966326008,6,107,253.960685643209,0.00012271261393923547
85,"30","Interdisciplinary Studies",2020,52935.149606299216,155792.68985886197,6,127,276.6791509162836,0.00013919196325332171
85,"30","Interdisciplinary Studies",2021,53538.8515625,160394.78348303473,6,128,277.7663034093629,0.00013423227006693786
85,"30","Interdisciplinary Studies",2022,72864.9268292683,185589.5425894961,7,123,272.2871454779935,0.00012547525026191682
85,"30","Interdisciplinary Studies",2023,105329.15094339622,173687.42773358844,9,159,309.5801424541777,0.0001580730595786309
86,"30","Interdisciplinary Studies",2014,77324.41666666667,123104.6488840837,8,156,306.6456519485582,0.0002077985739156844
86,"30","Interdisciplinary Studies",2015,79217.11875,119861.98391203224,8,160,310.55212189587274,0.00020686159924702377
86,"30","Interdisciplinary Studies",2016,87900.93939393939,141696.57758674386,7,132,282.0730029498823,0.00016697616288777683
86,"30","Interdisciplinary Studies",2017,95110.87704918033,148300.99628712118,6,122,271.1780230594212,0.0001498085029832767
86,"30","Interdisciplinary Studies",2018,101667.43103448275,155845.1957329557,5,116,264.4256502807433,0.0001375530498238491
86,"30","Interdisciplinary Studies",2023,35216.28378378379,81203.15511067327,6,74,211.1983465187202,0.00007356859376615526
87,"30","Interdisciplinary Studies",2014,18176.128440366974,66935.24046379836,8,109,256.3231521361732,0.00014519259331288205
87,"30","Interdisciplinary Studies",2015,54342.59090909091,160735.55811215978,10,132,282.0730008480491,0.00017066081937879463
87,"30","Interdisciplinary Studies",2016,98428.64285714286,243976.35987921574,6,70,205.4109879707256,0.00008854796516776044
87,"30","Interdisciplinary Studies",2018,166085.84,509145.43051764555,8,75,212.62057044678758,0.00008893516152404036
87,"30","Interdisciplinary Studies",2019,145909.3469387755,418422.575549861,10,98,243.04553838261148,0.00011239099220602875
87,"30","Interdisciplinary Studies",2020,155647.22471910113,448139.3376979778,9,89,231.61657347630793,0.0000975439742483908
87,"30","Interdisciplinary Studies",2021,136234.19008264464,353456.35684131255,12,121,270.0643567662905,0.00012689144279765218
87,"30","Interdisciplinary Studies",2022,142962.1145038168,368965.5164702255,12,131,281.0025233021332,0.00013363624214887077
87,"30","Interdisciplinary Studies",2023,124557,258245.28555880464,7,82,222.32155365334455,0.00008152195525438827
88,"30","Interdisciplinary Studies",2016,186465.46913580247,746768.6976488648,5,81,220.9617719725867,0.00010246264540840852
88,"30","Interdisciplinary Studies",2018,216327.17441860464,655935.6177151847,5,86,227.67946204158648,0.00010197898521423294
88,"30","Interdisciplinary Studies",2019,191974.9595959596,575825.8183611578,6,99,244.28241851648505,0.00011353783906527393
88,"30","Interdisciplinary Studies",2020,209981.24175824175,618187.3811734226,6,91,234.20454690632442,0.00009973597366970295
92,"30","Interdisciplinary Studies",2014,8673.72619047619,25798.238336600647,7,84,225.01645004348185,0.00011189153980075313
92,"30","Interdisciplinary Studies",2015,8740.383720930233,26107.10132340887,7,86,227.67945880891807,0.00011118810959527529
92,"30","Interdisciplinary Studies",2016,8803.232558139534,25716.69823887918,7,86,227.67945991423028,0.00010878750006324854
92,"30","Interdisciplinary Studies",2017,8828.662790697674,26278.602292805583,7,86,227.6794610986732,0.00010560271521771964
92,"30","Interdisciplinary Studies",2018,37869.05714285714,28970.80925328492,6,70,205.41098953293618,0.000083006150755771
94,"30","Interdisciplinary Studies",2014,82728.66101694915,119374.37520920228,6,59,188.58218836948856,0.00007859048628862423
94,"30","Interdisciplinary Studies",2015,94735.59420289854,128434.98426223962,7,69,203.93848871007958,0.000089209064675279
94,"30","Interdisciplinary Studies",2016,71857.54347826086,142339.68465513582,8,92,235.48786452491944,0.00011637732564905659
94,"30","Interdisciplinary Studies",2017,70119.28037383177,124672.1807320917,9,107,253.96068300684567,0.00013138942474762792
94,"30","Interdisciplinary Studies",2018,69468.06962025317,98955.54730824335,10,158,308.60507771661685,0.00018735674027731169
94,"30","Interdisciplinary Studies",2019,69317.58181818182,94897.89173532627,6,165,315.3671760986758,0.00018922973177545657
94,"30","Interdisciplinary Studies",2020,62307.251700680274,87837.74679509013,5,147,297.66872825563377,0.00016111195746644323
94,"30","Interdisciplinary Studies",2021,75402.22222222222,72715.88891247226,6,153,303.68284104975055,0.00016044951031438665
94,"30","Interdisciplinary Studies",2022,84368.58273381295,86549.34594327527,5,139,289.4556029951688,0.00014179723403582472